TOT_POP,0-9,20-29,30-39,40-49,50-59,60-69,70-79,80+,White-alone pop,Asian-alone pop,Hawaiian/Pacific Islander-alone pop,POP_ESTIMATE_2018,Less than a high school diploma 2014-18,High school diploma only 2014-18,Some college or associate's degree 2014-18,POVALL_2018,Civilian_labor_force_2018,Employed_2018,Unemployed_2018,Family Medicine/General Practice Primary Care (2019),ICU Beds_x,Total Population,Population Aged 60+,county_pop2018_18 and older,anycondition_number,Obesity_number,COPD_number,diabetes_number,CKD_number
-0.5551819562384263,0.24730228950896363,0.2240809447465842,0.20712309940623005,0.22904437045139533,0.27719074022960194,0.3218021641398892,0.31288066199148973,0.22092256239821276,0.3298024439219598,4.78602996027276,-0.505857804644142,0.28942780098649756,3.2324900177159774,0.3793433615855824,0.308831146872076,0.20733398620079366,0.2745043949055369,0.27559102918461875,0.029403429632566105,-0.6997122521998317,-0.6879754755409497,-0.4415947857176742,-0.4400368561117707,-0.4414646856424689,-0.4402775668755602,-0.4399662661972094,-0.4410724428256261,-0.4437009572007366,-0.44846769255524005
0.49250414779764873,-0.4023431343685878,-0.4161646137249816,-0.41518659650675754,-0.4048616046886059,-0.3882516065754452,-0.3737813423962022,-0.39590801386092855,-0.4625676596387139,-0.3425836432832521,-0.4369903725554741,-0.692535907952851,-0.36077779789713377,0.3952587688426049,-0.30890691578074003,-0.37387243056522956,-0.3805853754004495,-0.3801414718249012,-0.38049961529214293,-0.5774621103926577,-0.7192541946159332,-0.7068108988101239,-0.4620697539368678,-0.4626108338437792,-0.4621585124277391,-0.46250780208438336,-0.4633168205762264,-0.46521561239037135,-0.4624032708786954,-0.46840622876146154
